{
  "project_info": {
    "project_number": "845480698329",
    "firebase_url": "https://mars-java-802ee-default-rtdb.firebaseio.com",
    "project_id": "mars-java-802ee",
    "storage_bucket": "mars-java-802ee.appspot.com"
  },
  "client": [
    {
      "client_info": {
        "mobilesdk_app_id": "1:845480698329:android:385bd352695ca99e45f9c8",
        "android_client_info": {
          "package_name": "com.example.marsjava"
        }
      },
      "oauth_client": [
        {
          "client_id": "845480698329-6tfnj921ihhgr1l2qvclh6hibubhjvr2.apps.googleusercontent.com",
          "client_type": 3
        }
      ],
      "api_key": [
        {
          "current_key": "AIzaSyCbRyjwtnxE8YDabmMd8IQQoFIfWzaWhvg"
        }
      ],
      "services": {
        "appinvite_service": {
          "other_platform_oauth_client": [
            {
              "client_id": "845480698329-6tfnj921ihhgr1l2qvclh6hibubhjvr2.apps.googleusercontent.com",
              "client_type": 3
            }
          ]
        }
      }
    }
  ],
  "configuration_version": "1"
}